id,flags,runtime,speedup
3,-jkf -we83ln -hodi -lili4,134.53,0.260239351817438
1,-flag1 -flag2-f,34.88,1.00372706422018
2,-flag3 -lala -kdzr6,2.34,14.9615384615385
